,image,label
0,ArtDecor/ArtDecor_048.jpg,ArtDecor
1,ArtDecor/ArtDecor_041.jpg,ArtDecor
2,ArtDecor/ArtDecor_039.jpg,ArtDecor
3,ArtDecor/ArtDecor_009.jpg,ArtDecor
4,ArtDecor/ArtDecor_059.jpg,ArtDecor
5,ArtDecor/ArtDecor_070.jpg,ArtDecor
6,ArtDecor/ArtDecor_072.jpg,ArtDecor
7,ArtDecor/ArtDecor_012.jpg,ArtDecor
8,ArtDecor/ArtDecor_077.png,ArtDecor
9,ArtDecor/ArtDecor_037.jpg,ArtDecor
10,ArtDecor/ArtDecor_071.jpg,ArtDecor
11,ArtDecor/ArtDecor_024.jpg,ArtDecor
12,ArtDecor/ArtDecor_066.jpg,ArtDecor
13,ArtDecor/ArtDecor_027.jpg,ArtDecor
14,ArtDecor/ArtDecor_003.jpg,ArtDecor
15,ArtDecor/ArtDecor_020.jpg,ArtDecor
16,ArtDecor/ArtDecor_038.jpg,ArtDecor
17,ArtDecor/ArtDecor_080.jpg,ArtDecor
18,ArtDecor/ArtDecor_042.jpg,ArtDecor
19,ArtDecor/ArtDecor_067.jpg,ArtDecor
20,ArtDecor/ArtDecor_016.jpg,ArtDecor
21,ArtDecor/ArtDecor_062.jpg,ArtDecor
22,ArtDecor/ArtDecor_058.jpg,ArtDecor
23,ArtDecor/ArtDecor_018.jpg,ArtDecor
24,ArtDecor/ArtDecor_079.jpg,ArtDecor
25,ArtDecor/ArtDecor_054.jpg,ArtDecor
26,ArtDecor/ArtDecor_050.jpg,ArtDecor
27,ArtDecor/ArtDecor_034.jpg,ArtDecor
28,ArtDecor/ArtDecor_052.jpg,ArtDecor
29,ArtDecor/ArtDecor_045.jpg,ArtDecor
30,ArtDecor/ArtDecor_036.jpg,ArtDecor
31,ArtDecor/ArtDecor_004.jpg,ArtDecor
32,ArtDecor/ArtDecor_023.jpg,ArtDecor
33,ArtDecor/ArtDecor_011.jpg,ArtDecor
34,ArtDecor/ArtDecor_015.jpg,ArtDecor
35,ArtDecor/ArtDecor_031.jpg,ArtDecor
36,ArtDecor/ArtDecor_074.jpg,ArtDecor
37,ArtDecor/ArtDecor_029.jpg,ArtDecor
38,ArtDecor/ArtDecor_055.jpg,ArtDecor
39,ArtDecor/ArtDecor_021.jpg,ArtDecor
40,ArtDecor/ArtDecor_047.jpg,ArtDecor
41,ArtDecor/ArtDecor_022.jpg,ArtDecor
42,ArtDecor/ArtDecor_049.jpg,ArtDecor
43,ArtDecor/ArtDecor_017.jpg,ArtDecor
44,ArtDecor/ArtDecor_064.jpg,ArtDecor
45,ArtDecor/ArtDecor_008.jpg,ArtDecor
46,ArtDecor/ArtDecor_057.jpg,ArtDecor
47,ArtDecor/ArtDecor_032.jpg,ArtDecor
48,ArtDecor/ArtDecor_046.jpg,ArtDecor
49,ArtDecor/ArtDecor_076.jpg,ArtDecor
50,ArtDecor/ArtDecor_002.jpg,ArtDecor
51,ArtDecor/ArtDecor_035.jpg,ArtDecor
52,ArtDecor/ArtDecor_007.jpg,ArtDecor
53,ArtDecor/ArtDecor_010.jpg,ArtDecor
54,ArtDecor/ArtDecor_069.jpg,ArtDecor
55,ArtDecor/ArtDecor_053.jpg,ArtDecor
56,ArtDecor/ArtDecor_006.jpg,ArtDecor
57,ArtDecor/ArtDecor_075.jpg,ArtDecor
58,ArtDecor/ArtDecor_005.jpg,ArtDecor
59,ArtDecor/ArtDecor_013.jpg,ArtDecor
60,ArtDecor/ArtDecor_030.jpg,ArtDecor
61,ArtDecor/ArtDecor_019.jpg,ArtDecor
62,ArtDecor/ArtDecor_033.jpg,ArtDecor
63,ArtDecor/ArtDecor_073.jpg,ArtDecor
64,ArtDecor/ArtDecor_040.jpg,ArtDecor
65,ArtDecor/ArtDecor_068.jpg,ArtDecor
66,ArtDecor/ArtDecor_001.jpg,ArtDecor
67,ArtDecor/ArtDecor_051.jpg,ArtDecor
68,ArtDecor/ArtDecor_065.jpg,ArtDecor
69,ArtDecor/ArtDecor_078.jpg,ArtDecor
70,ArtDecor/ArtDecor_056.jpg,ArtDecor
71,ArtDecor/ArtDecor_060.jpg,ArtDecor
72,ArtDecor/ArtDecor_063.jpg,ArtDecor
73,ArtDecor/ArtDecor_061.jpg,ArtDecor
74,ArtDecor/ArtDecor_044.jpg,ArtDecor
75,ArtDecor/ArtDecor_043.jpg,ArtDecor
76,ArtDecor/ArtDecor_028.jpg,ArtDecor
77,ArtDecor/ArtDecor_014.jpg,ArtDecor
78,ArtDecor/ArtDecor_025.jpg,ArtDecor
79,ArtDecor/ArtDecor_026.jpg,ArtDecor
80,Hitech/Hitech_054.jpg,Hitech
81,Hitech/Hitech_067.jpg,Hitech
82,Hitech/Hitech_025.jpg,Hitech
83,Hitech/Hitech_042.jpg,Hitech
84,Hitech/Hitech_026.jpg,Hitech
85,Hitech/Hitech_055.jpg,Hitech
86,Hitech/Hitech_050.jpg,Hitech
87,Hitech/Hitech_062.jpg,Hitech
88,Hitech/Hitech_033.jpg,Hitech
89,Hitech/Hitech_031.jpg,Hitech
90,Hitech/Hitech_075.jpg,Hitech
91,Hitech/Hitech_006.jpg,Hitech
92,Hitech/Hitech_072.jpg,Hitech
93,Hitech/Hitech_022.jpg,Hitech
94,Hitech/Hitech_064.jpg,Hitech
95,Hitech/Hitech_017.jpg,Hitech
96,Hitech/Hitech_049.jpg,Hitech
97,Hitech/Hitech_065.jpg,Hitech
98,Hitech/Hitech_003.jpg,Hitech
99,Hitech/Hitech_004.jpg,Hitech
100,Hitech/Hitech_013.jpg,Hitech
101,Hitech/Hitech_020.jpg,Hitech
102,Hitech/Hitech_019.jpg,Hitech
103,Hitech/Hitech_058.jpg,Hitech
104,Hitech/Hitech_029.jpg,Hitech
105,Hitech/Hitech_036.jpg,Hitech
106,Hitech/Hitech_005.jpg,Hitech
107,Hitech/Hitech_034.jpg,Hitech
108,Hitech/Hitech_057.jpg,Hitech
109,Hitech/Hitech_041.jpg,Hitech
110,Hitech/Hitech_035.jpg,Hitech
111,Hitech/Hitech_056.jpg,Hitech
112,Hitech/Hitech_063.jpg,Hitech
113,Hitech/Hitech_080.jpg,Hitech
114,Hitech/Hitech_044.jpg,Hitech
115,Hitech/Hitech_008.jpg,Hitech
116,Hitech/Hitech_028.jpg,Hitech
117,Hitech/Hitech_007.jpg,Hitech
118,Hitech/Hitech_027.jpg,Hitech
119,Hitech/Hitech_053.jpg,Hitech
120,Hitech/Hitech_078.jpg,Hitech
121,Hitech/Hitech_012.jpg,Hitech
122,Hitech/Hitech_060.jpg,Hitech
123,Hitech/Hitech_023.jpg,Hitech
124,Hitech/Hitech_076.jpg,Hitech
125,Hitech/Hitech_011.jpg,Hitech
126,Hitech/Hitech_046.jpg,Hitech
127,Hitech/Hitech_002.jpg,Hitech
128,Hitech/Hitech_048.jpg,Hitech
129,Hitech/Hitech_070.jpg,Hitech
130,Hitech/Hitech_066.jpg,Hitech
131,Hitech/Hitech_071.jpg,Hitech
132,Hitech/Hitech_030.jpg,Hitech
133,Hitech/Hitech_043.jpg,Hitech
134,Hitech/Hitech_077.jpg,Hitech
135,Hitech/Hitech_079.jpg,Hitech
136,Hitech/Hitech_068.jpg,Hitech
137,Hitech/Hitech_014.jpg,Hitech
138,Hitech/Hitech_038.jpg,Hitech
139,Hitech/Hitech_047.jpg,Hitech
140,Hitech/Hitech_021.jpg,Hitech
141,Hitech/Hitech_032.jpg,Hitech
142,Hitech/Hitech_040.jpg,Hitech
143,Hitech/Hitech_015.jpg,Hitech
144,Hitech/Hitech_059.jpg,Hitech
145,Hitech/Hitech_045.jpg,Hitech
146,Hitech/Hitech_016.jpg,Hitech
147,Hitech/Hitech_074.jpg,Hitech
148,Hitech/Hitech_052.jpg,Hitech
149,Hitech/Hitech_018.jpg,Hitech
150,Hitech/Hitech_039.jpg,Hitech
151,Hitech/Hitech_037.jpg,Hitech
152,Hitech/Hitech_051.jpg,Hitech
153,Hitech/Hitech_069.jpg,Hitech
154,Hitech/Hitech_061.jpg,Hitech
155,Hitech/Hitech_001.jpg,Hitech
156,Hitech/Hitech_024.jpg,Hitech
157,Hitech/Hitech_009.jpg,Hitech
158,Hitech/Hitech_010.jpg,Hitech
159,Hitech/Hitech_073.jpg,Hitech
160,Indochina/Indochina_045.jpg,Indochina
161,Indochina/Indochina_051.jpg,Indochina
162,Indochina/Indochina_022.jpg,Indochina
163,Indochina/Indochina_061.jpg,Indochina
164,Indochina/Indochina_005.jpg,Indochina
165,Indochina/Indochina_006.jpg,Indochina
166,Indochina/Indochina_057.jpg,Indochina
167,Indochina/Indochina_018.jpg,Indochina
168,Indochina/Indochina_062.jpg,Indochina
169,Indochina/Indochina_013.jpg,Indochina
170,Indochina/Indochina_028.jpg,Indochina
171,Indochina/Indochina_019.jpg,Indochina
172,Indochina/Indochina_042.jpg,Indochina
173,Indochina/Indochina_010.jpg,Indochina
174,Indochina/Indochina_080.jpg,Indochina
175,Indochina/Indochina_030.jpg,Indochina
176,Indochina/Indochina_023.jpg,Indochina
177,Indochina/Indochina_044.jpg,Indochina
178,Indochina/Indochina_001.jpg,Indochina
179,Indochina/Indochina_072.jpg,Indochina
180,Indochina/Indochina_007.jpg,Indochina
181,Indochina/Indochina_009.jpg,Indochina
182,Indochina/Indochina_063.jpg,Indochina
183,Indochina/Indochina_038.jpg,Indochina
184,Indochina/Indochina_067.jpg,Indochina
185,Indochina/Indochina_012.jpg,Indochina
186,Indochina/Indochina_060.jpg,Indochina
187,Indochina/Indochina_046.jpg,Indochina
188,Indochina/Indochina_050.jpg,Indochina
189,Indochina/Indochina_058.jpg,Indochina
190,Indochina/Indochina_065.jpg,Indochina
191,Indochina/Indochina_014.jpg,Indochina
192,Indochina/Indochina_035.jpg,Indochina
193,Indochina/Indochina_017.jpg,Indochina
194,Indochina/Indochina_053.jpg,Indochina
195,Indochina/Indochina_059.jpg,Indochina
196,Indochina/Indochina_025.jpg,Indochina
197,Indochina/Indochina_052.jpg,Indochina
198,Indochina/Indochina_071.jpg,Indochina
199,Indochina/Indochina_032.jpg,Indochina
200,Indochina/Indochina_004.jpg,Indochina
201,Indochina/Indochina_076.jpg,Indochina
202,Indochina/Indochina_066.jpg,Indochina
203,Indochina/Indochina_049.jpg,Indochina
204,Indochina/Indochina_033.jpg,Indochina
205,Indochina/Indochina_011.jpg,Indochina
206,Indochina/Indochina_055.jpg,Indochina
207,Indochina/Indochina_048.jpg,Indochina
208,Indochina/Indochina_015.jpg,Indochina
209,Indochina/Indochina_074.jpg,Indochina
210,Indochina/Indochina_077.jpg,Indochina
211,Indochina/Indochina_041.jpg,Indochina
212,Indochina/Indochina_003.jpg,Indochina
213,Indochina/Indochina_021.jpg,Indochina
214,Indochina/Indochina_075.jpg,Indochina
215,Indochina/Indochina_040.jpg,Indochina
216,Indochina/Indochina_026.jpg,Indochina
217,Indochina/Indochina_029.jpg,Indochina
218,Indochina/Indochina_064.jpg,Indochina
219,Indochina/Indochina_027.jpg,Indochina
220,Indochina/Indochina_068.jpg,Indochina
221,Indochina/Indochina_054.jpg,Indochina
222,Indochina/Indochina_036.jpg,Indochina
223,Indochina/Indochina_078.jpg,Indochina
224,Indochina/Indochina_047.jpg,Indochina
225,Indochina/Indochina_034.jpg,Indochina
226,Indochina/Indochina_031.jpg,Indochina
227,Indochina/Indochina_079.jpg,Indochina
228,Indochina/Indochina_039.jpg,Indochina
229,Indochina/Indochina_070.jpg,Indochina
230,Indochina/Indochina_037.jpg,Indochina
231,Indochina/Indochina_056.jpg,Indochina
232,Indochina/Indochina_073.jpg,Indochina
233,Indochina/Indochina_016.jpg,Indochina
234,Indochina/Indochina_069.jpg,Indochina
235,Indochina/Indochina_002.jpg,Indochina
236,Indochina/Indochina_043.jpg,Indochina
237,Indochina/Indochina_024.jpg,Indochina
238,Indochina/Indochina_020.jpg,Indochina
239,Indochina/Indochina_008.jpg,Indochina
240,Industrial/Industrial_058.jpg,Industrial
241,Industrial/Industrial_075.jpg,Industrial
242,Industrial/Industrial_062.jpg,Industrial
243,Industrial/Industrial_014.jpg,Industrial
244,Industrial/Industrial_039.jpg,Industrial
245,Industrial/Industrial_068.jpg,Industrial
246,Industrial/Industrial_050.jpg,Industrial
247,Industrial/Industrial_022.jpg,Industrial
248,Industrial/Industrial_072.jpg,Industrial
249,Industrial/Industrial_021.jpg,Industrial
250,Industrial/Industrial_064.jpg,Industrial
251,Industrial/Industrial_033.jpg,Industrial
252,Industrial/Industrial_030.jpg,Industrial
253,Industrial/Industrial_015.jpg,Industrial
254,Industrial/Industrial_078.jpg,Industrial
255,Industrial/Industrial_055.jpg,Industrial
256,Industrial/Industrial_061.jpg,Industrial
257,Industrial/Industrial_010.jpg,Industrial
258,Industrial/Industrial_053.jpg,Industrial
259,Industrial/Industrial_019.jpg,Industrial
260,Industrial/Industrial_045.jpg,Industrial
261,Industrial/Industrial_005.jpg,Industrial
262,Industrial/Industrial_016.jpg,Industrial
263,Industrial/Industrial_049.jpg,Industrial
264,Industrial/Industrial_035.jpg,Industrial
265,Industrial/Industrial_063.jpg,Industrial
266,Industrial/Industrial_034.jpg,Industrial
267,Industrial/Industrial_032.jpg,Industrial
268,Industrial/Industrial_020.jpg,Industrial
269,Industrial/Industrial_044.jpg,Industrial
270,Industrial/Industrial_042.jpg,Industrial
271,Industrial/Industrial_059.jpg,Industrial
272,Industrial/Industrial_054.jpg,Industrial
273,Industrial/Industrial_002.jpg,Industrial
274,Industrial/Industrial_069.jpg,Industrial
275,Industrial/Industrial_036.jpg,Industrial
276,Industrial/Industrial_037.jpg,Industrial
277,Industrial/Industrial_040.jpg,Industrial
278,Industrial/Industrial_007.jpg,Industrial
279,Industrial/Industrial_017.jpg,Industrial
280,Industrial/Industrial_048.jpg,Industrial
281,Industrial/Industrial_018.jpg,Industrial
282,Industrial/Industrial_077.jpg,Industrial
283,Industrial/Industrial_009.jpg,Industrial
284,Industrial/Industrial_041.jpg,Industrial
285,Industrial/Industrial_051.jpg,Industrial
286,Industrial/Industrial_066.jpg,Industrial
287,Industrial/Industrial_065.jpg,Industrial
288,Industrial/Industrial_031.jpg,Industrial
289,Industrial/Industrial_071.jpg,Industrial
290,Industrial/Industrial_012.jpg,Industrial
291,Industrial/Industrial_060.jpg,Industrial
292,Industrial/Industrial_070.jpg,Industrial
293,Industrial/Industrial_043.jpg,Industrial
294,Industrial/Industrial_056.jpg,Industrial
295,Industrial/Industrial_067.jpg,Industrial
296,Industrial/Industrial_038.jpg,Industrial
297,Industrial/Industrial_013.jpg,Industrial
298,Industrial/Industrial_052.jpg,Industrial
299,Industrial/Industrial_023.jpg,Industrial
300,Industrial/Industrial_026.jpg,Industrial
301,Industrial/Industrial_006.jpg,Industrial
302,Industrial/Industrial_073.jpg,Industrial
303,Industrial/Industrial_047.jpg,Industrial
304,Industrial/Industrial_027.jpg,Industrial
305,Industrial/Industrial_029.jpg,Industrial
306,Industrial/Industrial_076.jpg,Industrial
307,Industrial/Industrial_080.jpg,Industrial
308,Industrial/Industrial_024.jpg,Industrial
309,Industrial/Industrial_008.jpg,Industrial
310,Industrial/Industrial_004.jpg,Industrial
311,Industrial/Industrial_025.jpg,Industrial
312,Industrial/Industrial_028.jpg,Industrial
313,Industrial/Industrial_046.jpg,Industrial
314,Industrial/Industrial_079.jpg,Industrial
315,Industrial/Industrial_057.jpg,Industrial
316,Industrial/Industrial_011.jpg,Industrial
317,Industrial/Industrial_074.jpg,Industrial
318,Industrial/Industrial_001.jpg,Industrial
319,Industrial/Industrial_003.jpg,Industrial
320,Scandinavian/Scandinavian_048.jpg,Scandinavian
321,Scandinavian/Scandinavian_028.jpg,Scandinavian
322,Scandinavian/Scandinavian_003.jpg,Scandinavian
323,Scandinavian/Scandinavian_034.jpg,Scandinavian
324,Scandinavian/Scandinavian_016.jpg,Scandinavian
325,Scandinavian/Scandinavian_071.jpg,Scandinavian
326,Scandinavian/Scandinavian_013.jpg,Scandinavian
327,Scandinavian/Scandinavian_064.jpg,Scandinavian
328,Scandinavian/Scandinavian_060.jpg,Scandinavian
329,Scandinavian/Scandinavian_075.jpg,Scandinavian
330,Scandinavian/Scandinavian_042.jpg,Scandinavian
331,Scandinavian/Scandinavian_051.jpg,Scandinavian
332,Scandinavian/Scandinavian_037.jpg,Scandinavian
333,Scandinavian/Scandinavian_066.jpg,Scandinavian
334,Scandinavian/Scandinavian_011.jpg,Scandinavian
335,Scandinavian/Scandinavian_059.jpg,Scandinavian
336,Scandinavian/Scandinavian_008.jpg,Scandinavian
337,Scandinavian/Scandinavian_074.jpg,Scandinavian
338,Scandinavian/Scandinavian_015.jpg,Scandinavian
339,Scandinavian/Scandinavian_029.jpg,Scandinavian
340,Scandinavian/Scandinavian_012.jpg,Scandinavian
341,Scandinavian/Scandinavian_018.jpg,Scandinavian
342,Scandinavian/Scandinavian_005.jpg,Scandinavian
343,Scandinavian/Scandinavian_055.jpg,Scandinavian
344,Scandinavian/Scandinavian_046.jpg,Scandinavian
345,Scandinavian/Scandinavian_004.jpg,Scandinavian
346,Scandinavian/Scandinavian_010.jpg,Scandinavian
347,Scandinavian/Scandinavian_050.jpg,Scandinavian
348,Scandinavian/Scandinavian_052.jpg,Scandinavian
349,Scandinavian/Scandinavian_057.jpg,Scandinavian
350,Scandinavian/Scandinavian_070.jpg,Scandinavian
351,Scandinavian/Scandinavian_068.jpg,Scandinavian
352,Scandinavian/Scandinavian_053.jpg,Scandinavian
353,Scandinavian/Scandinavian_002.jpg,Scandinavian
354,Scandinavian/Scandinavian_031.jpg,Scandinavian
355,Scandinavian/Scandinavian_047.jpg,Scandinavian
356,Scandinavian/Scandinavian_069.jpg,Scandinavian
357,Scandinavian/Scandinavian_006.jpg,Scandinavian
358,Scandinavian/Scandinavian_080.jpg,Scandinavian
359,Scandinavian/Scandinavian_058.jpg,Scandinavian
360,Scandinavian/Scandinavian_054.jpg,Scandinavian
361,Scandinavian/Scandinavian_063.jpg,Scandinavian
362,Scandinavian/Scandinavian_038.jpg,Scandinavian
363,Scandinavian/Scandinavian_020.jpg,Scandinavian
364,Scandinavian/Scandinavian_001.jpg,Scandinavian
365,Scandinavian/Scandinavian_061.jpg,Scandinavian
366,Scandinavian/Scandinavian_035.jpg,Scandinavian
367,Scandinavian/Scandinavian_009.jpg,Scandinavian
368,Scandinavian/Scandinavian_044.jpg,Scandinavian
369,Scandinavian/Scandinavian_025.jpg,Scandinavian
370,Scandinavian/Scandinavian_049.jpg,Scandinavian
371,Scandinavian/Scandinavian_017.jpg,Scandinavian
372,Scandinavian/Scandinavian_077.jpg,Scandinavian
373,Scandinavian/Scandinavian_041.jpg,Scandinavian
374,Scandinavian/Scandinavian_043.jpg,Scandinavian
375,Scandinavian/Scandinavian_079.jpg,Scandinavian
376,Scandinavian/Scandinavian_076.jpg,Scandinavian
377,Scandinavian/Scandinavian_024.jpg,Scandinavian
378,Scandinavian/Scandinavian_045.jpg,Scandinavian
379,Scandinavian/Scandinavian_026.jpg,Scandinavian
380,Scandinavian/Scandinavian_022.jpg,Scandinavian
381,Scandinavian/Scandinavian_065.jpg,Scandinavian
382,Scandinavian/Scandinavian_062.jpg,Scandinavian
383,Scandinavian/Scandinavian_067.jpg,Scandinavian
384,Scandinavian/Scandinavian_072.jpg,Scandinavian
385,Scandinavian/Scandinavian_019.jpg,Scandinavian
386,Scandinavian/Scandinavian_030.jpg,Scandinavian
387,Scandinavian/Scandinavian_033.jpg,Scandinavian
388,Scandinavian/Scandinavian_036.jpg,Scandinavian
389,Scandinavian/Scandinavian_023.jpg,Scandinavian
390,Scandinavian/Scandinavian_056.jpg,Scandinavian
391,Scandinavian/Scandinavian_073.jpg,Scandinavian
392,Scandinavian/Scandinavian_014.jpg,Scandinavian
393,Scandinavian/Scandinavian_040.jpg,Scandinavian
394,Scandinavian/Scandinavian_039.jpg,Scandinavian
395,Scandinavian/Scandinavian_032.jpg,Scandinavian
396,Scandinavian/Scandinavian_027.jpg,Scandinavian
397,Scandinavian/Scandinavian_078.jpg,Scandinavian
398,Scandinavian/Scandinavian_007.jpg,Scandinavian
399,Scandinavian/Scandinavian_021.jpg,Scandinavian
